Praia,Cape Verde,RAI
Cape Town,South Africa,CPT
Johannesburg - Johannesburg Int'l,South Africa,JNB
Algiers,Algeria,ALG
Annaba,Algeria,AAE
Constantine,Algeria,CZL
Oran (Ouahran),Algeria,ORN
Bengueka,Angola,BUG
Cabinda,Angola,CAB
Luanda - 4 de Fevereiro,Angola,LAD
Cotonou,Benin,COO
Francistown,Botswana,FRW
Gaborone,Botswana,GBE
Maun,Botswana,MUB
Selibi Phikwe,Botswana,PKW
Bobo/Dioulasso,Burkina Faso,BOY
Ouagadougou,Burkina Faso,OUA
Sal,Cape Verde,SID
Bambari,Central African Republic,BBY
Bangassou,Central African Republic,BGU
Bangui,Central African Republic,BGF
Berberati,Central African Republic,BBT
Biraro,Central African Republic,IRO
Bria,Central African Republic,BIV
Carnot,Central African Republic,CRF
Ouadda,Central African Republic,ODA
Abeche,Chad,AEH
Moundou,Chad,MQQ
N'Djamena,Chad,NDJ
Anjouan,Comoros (Comores),AJN
Moroni - Prince Said Ibrahim,Comoros (Comores),HAH
Moroni - Iconi,Comoros (Comores),YVA
Brazzaville,Congo,BZV
Pointe Noire,Congo,PNR
Kinshasa - N'Djili,Congo (Zaire),FIH
Lisala,Congo  Democratic Republic of The,LIQ
Yamoussoukro,Côte d'Ivoire (Ivory Coast),ASK
Djibouti,Djibouti,JIB
Abu Rudeis,Egypt,AUE
Abu Simbel,Egypt,ABS
Al Arish,Egypt,AAC
Al Arish,Egypt,AAC
Alexandria  El Nhouza Airport,Egypt,ALY
Assiut,Egypt,ATZ
Aswan  Daraw Airport,Egypt,ASW
Borg El Arab Airport,Egypt,HBH
Cairo Int'l,Egypt,CAI
El Minya,Egypt,EMY
Hurghada Int'l,Egypt,HRG
Kharga - New Valley,Egypt,UVL
Luxor,Egypt,LXR
Marsa Matrah (Marsa Matruh),Egypt,MUH
New Valley - Kharga,Egypt,UVL
Port Said,Egypt,PSD
Santa Katarina - Mount Sinai,Egypt,SKV
Sharm El Sheikh,Egypt,SSH
Siwa,Egypt,SEW
Malabo,Equatorial Guinea,SSG
Addis Ababa,Ethiopia,ADD
Lambarene,Gabon,LBQ
Libreville,Gabon,LBV
Moanda,Gabon,MFF
Mouila,Gabon,MJL
Mvengue,Gabon,MVB
Port Gentil,Gabon,POG
Oyem,Gabon/Loyautte,UVE
Banjul,Gambia,BJL
Accra,Ghana,ACC
Abidjan,Ivory Coast,ABJ
Bouake,Ivory Coast,BYK
Daloa,Ivory Coast,DJO
Korhogo,Ivory Coast,HGO
Man,Ivory Coast,MJC
San Pedro,Ivory Coast,SPY
Sassandra,Ivory Coast,ZSS
Malindi,Kenya,MYD
Mombasa - Moi International,Kenya,MBA
Nairobi,Kenya,NBO
Maseru - Moshoeshoe Int'l,Lesotho,MSU
Monrovia,Liberia,MLW
Monrovia - Roberts Int'l,Liberia,ROB
Bengasi,Libya,BEN
Sehba,Libya,SEB
Tripoli - Tripoli Int'l,Libya,TIP
Antananarivo (Tanannarive),Madagascar,TNR
Majunga,Madagascar,MJN
Blantyre,Malawi,BLZ
Lilongwe - Lilongwe International,Malawi,LLW
Bamako,Mali,BKO
Nouadhibou,Mauritania,NDB
Nouakchott,Mauritania,NKC
Zouerate,Mauritania,OUZ
Dzaoudzi,Mayotte,DZA
Agadir,Morocco,AGA
Al Hoceima,Morocco,AHU
Casablanca,Morocco,CAS
Casablanca  Mohamed V,Morocco,CMN
Fes,Morocco,FEZ
Marrakech - Menara,Morocco,RAK
Ouarzazate,Morocco,OZZ
Oujda,Morocco,OUD
Rabat - Sale,Morocco,RBA
Tanger - Boukhalef,Morocco,TNG
Beira,Mozambique,BEW
Maputo - Maputo International,Mozambique,MPM
Katima Mulilo/Mpacha,Namibia,MPA
Keetmanshoop,Namibia,KMP
Luederitz,Namibia,LUD
Mokuti,Namibia,OKU
Ondangwa,Namibia,OND
Oranjemund,Namibia,OMD
Rundu,Namibia,NDU
Swakopmund,Namibia,SWP
Tsumeb,Namibia,TSB
Windhoek - Eros,Namibia,ERS
Windhoek - Hosea Kutako Int'l,Namibia,WDH
Agades,Niger,AJY
Arlit,Niger,RLT
Maradi,Niger,MFQ
Niamey,Niger,NIM
Zinder,Niger,ZND
Abuja International,Nigeria,ABV
Kano,Nigeria,KAN
Lagos - Murtala Muhammed,Nigeria,LOS
Port Harcourt,Nigeria,PHC
Saint Denis de la Reunion,Reunion,RUN
Kigali - Gregoire Kayibanda,Rwanda,KGL
Sao Tome,Sao Tome & Principe,TMS
Dakar,Senegal,DKR
Mahe - Seychelles Int'l,Seychelles,SEZ
Freetown,Sierra Leone,FNA
Mogadischu,Somalia,MGQ
Aggeneys,South Africa,AGZ
Alexander Bay,South Africa,ALJ
Alldays,South Africa,ADY
Bloemfontein,South Africa,BFN
Durban,South Africa,DUR
East London,South Africa,ELS
Ellisras,South Africa,ELL
George,South Africa,GRJ
Kimberley,South Africa,KIM
Kleinsee,South Africa,KLZ
Lanseria,South Africa,HLA
Lusisiki,South Africa,LUJ
Margate,South Africa,MGH
Messina,South Africa,MEZ
Mkambati,South Africa,MBM
Mzamba,South Africa,MZF
Nelspruit,South Africa,NLP
Newcastle,South Africa,NCS
Oudtshoorn,South Africa,OUH
Phalaborwa,South Africa,PHW
Pietermaritzburg,South Africa,PZB
Pietersburg,South Africa,PTG
Pilanesberg/Sun City,South Africa,NTY
Plettenberg Bay,South Africa,PBZ
Port Elizabeth,South Africa,PLZ
Pretoria - Wonderboom Apt.,South Africa,PRY
Richards Bay,South Africa,RCB
Sishen,South Africa,SIS
Skukuza,South Africa,SZK
Springbok,South Africa,SBU
Thaba'Nchu,South Africa,TCU
Ulundi,South Africa,ULD
Umtata,South Africa,UTT
Upington,South Africa,UTN
Vryheid,South Africa,VYD
Walvis Bay,South Africa,WVB
Welkom,South Africa,WEL
Kassala,Sudan,KSL
Khartoum,Sudan,KRT
Paramaribo - Zanderij Int'l,Suriname,PBM
Manzini - Matsapha Int'l,Swaziland,MTS
Arusha,Tanzania,ARK
Dar es Salam (Daressalam),Tanzania,DAR
Kilimadjaro,Tanzania,JRO
Djerba,Tunisia,DJE
Monastir,Tunisia,MIR
Sfax,Tunisia,SFA
Tunis - Carthage,Tunisia,TUN
Entebbe,Uganda,EBB
Gulu,Uganda,ULU
Kisangani,Zaire,FKI
Lumbumbashi,Zaire,FBM
Chipata,Zambia,CIP
Kitwe,Zambia,KIW
Lusaka,Zambia,LUN
Mfuwe,Zambia,MFU
N'Dola,Zambia,NLA
Buffalo Range,Zimbabwe,BFO
Bulawayo,Zimbabwe,BUQ
Gweru,Zimbabwe,GWE
Harare,Zimbabwe,HRE
Hwange National Park,Zimbabwe,HWN
Masvingo,Zimbabwe,MVZ
Salisbury,Zimbabwe,SAY
Victoria Falls,Zimbabwe,VFA
Sapporo,Hokkaido  Japan,SPK
Sapporo - Okadama,Hokkaido  Japan,OKD
Hong Kong - Int'l Airport (HKIA),Hong Kong,HKG
Kobe,Japan,UKB
Kyoto,Japan,UKY
Nagoya - Komaki AFB,Japan,NGO
Tokyo,Japan,TYO
Tokyo - Haneda,Japan,HND
Tokyo - Narita,Japan,NRT
Male - International,Maledives,MLE
Kathmandu - Tribhuvan,Nepal,KTM
Seoul - Incheon Int'l Airport,South Korea,ICN
Seoul - Kimpo,South Korea,SEL
Colombo,Sri Lanka,CMB
Barisal,Bangladesh,BZL
Chittagong,Bangladesh,CGP
Dhaka,Bangladesh,DAC
Sylhet,Bangladesh,ZYL
Paro,Bhutan,PBH
Beijing,China,PEK
Beijing - Nanyuan Airport,China,NAY
Shanghai - Hongqiao,China,SHA
Shanghai - Pu Dong,China,PVG
Tianjin,China,TSN
Xiamen,Fujian  China,XMN
Dongguan,Guangdong  China,DGM
Guangzhou (Canton) - Baiyun (White Cloud),Guangdong  China,CAN
Shenzhen,Guangdong  China,SZX
Nanning,Guangxi  China,NNG
Harbin (Haerbin),Heilongjiang  China,HRB
Hong Kong - Chek Lap Kok,Hong Kong,ZJK
Wuhan,Hubei  China,WUH
Ahmedabad,India,AMD
Amritsar,India,ATQ
Anand,India,QNB
Bagdogra,India,IXB
Bangalore,India,BLR
Baronda,India,BDQ
Belgaum,India,IXG
Bhopal,India,BHO
Bhubaneswar,India,BBI
Bombay,India,BOM
Calcutta (Kolkata) - Netaji Subhas Chandra,India,CCU
Calicut,India,CCJ
Chandigarh,India,IXC
Chennai (Madras),India,MAA
Cochin,India,COK
Coimbatore,India,CJB
Delhi  Indira Gandhi,India,DEL
Goa,India,GOI
Guwahati,India,GAU
Hyderabad - Begumpet,India,HYD
Jaipur - Sanganeer,India,JAI
Jalandhar,India,JLR
Jamshedpur - Sonari,India,IXW
Kanpur,India,QJU
Kolkata (Calcutta) - Netaji Subhas Chandra,India,CCU
Lucknow,India,LKO
Madras (Chennai),India,MAA
Nagpur,India,NAG
Patna,India,PAT
Pune,India,PNQ
Rajkot,India,RAJ
Ranchi,India,IXR
Srinagar,India,SXR
Surat,India,STV
Thiruvananthapuram,India,TRV
Tiruchirapally,India,TRZ
Varanasi,India,VNS
Akita,Japan,AXT
Amami,Japan,ASJ
Aomori,Japan,AOJ
Komatsu,Japan,KMQ
Chiba City,Japan,QCB
Chitose,Japan,CTS
Fukuoka,Japan,FUK
Fukushima-shi  Fukushima Airport,Japan,FKS
Hachijo Jima,Japan,HAC
Hakodate,Japan,HKD
Hiroshima International,Japan,HIJ
Ishigaki,Japan,LSG
Kagoshima,Japan,KOJ
Kochi,Japan,KCZ
Kumamoto,Japan,KMJ
Kushiro,Japan,KUH
Matsumoto  Nagano,Japan,MMJ
Matsuyama,Japan,MYJ
Miyako Jima (Ryuku Islands) - Hirara,Japan,MMY
Morioka  Hanamaki,Japan,HNA
Miyazaki,Japan,KMI
Nagasaki,Japan,NGS
Niigata,Japan,KIJ
Oita,Japan,OIT
Okayama,Japan,OKJ
Okinawa  Ryukyo Island - Naha,Japan,OKA
Osaka  Metropolitan Area,Japan,OSA
Osaka - Itami,Japan,ITM
Osaka - Kansai Int'l Airport,Japan,KIX
Sado Shima,Japan,SDS
Sapporo - Shin-Chitose Airport,Japan,CTS
Sendai,Japan,SDJ
Takamatsu,Japan,TAK
Tokushima,Japan,TKS
Toyama,Japan,TOY
Yamagata  Junmachi,Japan,GAJ
Yokohama,Japan,YOK
Changchun,Jilin  China,CGQ
Aktyubinsk,Kazakhstan,ADX
Alma Ata,Kazakhstan,ALA
Astana,Kazakstan,TSE
Incheon  Incheon Int'l Airport,Korea South,ICN
Dalian,Liaoning  China,DLC
Shenyang,Liaoning  China,SHE
Macau,Macau  China SAR,MFM
Mauritius - S.Seewoosagur Ram Int'l,Mauritius,MRU
Rodrigues Island,Mauritius,RRG
Ulaanbaatar - Buyant Uhaa,Mongolia,ULN
Xi'an - Xianyang,Shaanxi  China,XIY
Jinan,Shandong  China,TNA
Qingdao,Shandong  China,TAO
Taiyuan,Shanxi  China,TYN
Chengdu,Sichuan  China,CTU
Chongqing,Sichuan  China,CKG
Singapore - Paya Lebar,Singapore,QPG
Singapore - Changi,Singapore,SIN
Pu San (Pusan) - Kimhae,South Korea,PUS
Dushanbe (Duschanbe),Tadschikistan,DYU
Kaohsiung Int'l,Taiwan,KHH
Makung,Taiwan,MZG
Taipei - Chiang Kai Shek,Taiwan,TPE
Taipei - Sung Shan,Taiwan,TAY
Samarkand,Uzbekistan,SKD
Tashkent - Vostochny,Uzbekistan,TAS
Termez (Termes),Uzbekistan,TMZ
Urumqi,Xinjiang  China,URC
Hangchow (Hangzhou),Zhejiang  China,HGH
Pointe a Pitre,Guadeloupe,PTP
Bonaire,Netherlands Antilles,BON
Curacao,Netherlands Antilles,CUR
St. Marteen,Netherlands Antilles,SXM
Nevis,Nevis,NEV
St. Kitts,St. Kitts And Nevis,SKB
St. Lucia Hewanorra,St. Lucia,UVF
St. Lucia Vigle,St. Lucia,SLU
St. Martin,St. Martin,SFG
St. Vincent,St. Vincent,SVD
Havana - José Martí Int'l,Cuba,HAV
Holguin,Cuba,HOG
Santiago - Antonio Maceo Airport,Cuba,SCU
Varadero,Cuba,VRA
Casa de Campo/La Romana,Dominican Republic,LRM
Puerto Plata,Dominican Republic,POP
Punta Cana,Dominican Republic,PUJ
Santo Domingo,Dominican Republic,SDQ
Port au Prince,Haiti,PAP
Kingston - Norman Manley,Jamaica,KIN
Montenego Bay,Jamaica,MBJ
Fort de France,Martinique,FDF
Aguadilla,Puerto Rico,BQN
Mayaguez,Puerto Rico,MAZ
Ponce,Puerto Rico,PSE
San Juan Perto,Rico,SJU
Tobago,Tobago,TAB
Port of Spain,Trinidad,POS
St. Croix,Virgin Islands,STX
St. Thomas,Virgin Islands,STT
Tortola,Virgin Islands,EIS
Virgin Gorda,Virgin Islands,VIJ
Beef Island,Virgin Islands  British,EIS
Freeport,Bahamas,FPO
Nassau,Bahamas,NAS
Grand Cayman,Cayman Islands,GCM
Anguilla,Anguilla,AXA
Antigua,Antigua,ANU
Aruba,Aruba,AUA
Chub Cay,Bahamas,CCZ
Govenors Harbour,Bahamas,GHB
Grand Bahama,Bahamas,GBI
Marsh Harbour,Bahamas,MHH
North Eleuthera,Bahamas,ELH
Rock Sound,Bahamas,RSD
San Salvador,Bahamas,ZSA
Treasure Cay,Bahamas,TCB
Bridgetown  Grantley Adams Int'l,Barbados,BGI
Bermuda,Bermuda,BDA
Panama City - Tocumen International,Panama,PTY
San Jose,Costa Rica,SJO
San Salvador,El Salvador,SAL
Roatan,Honduras,RTB
San Pedro Sula,Honduras,SAP
Santa Rosa Copan,Honduras,SDH
Tegucigalpa,Honduras,TGU
Belize City,Belize,BZE
Guatemala City,Guatemala,GUA
Managua - Augusto C Sandino,Nicaragua,MGA
Sarajevo,Bosnia and Herzegovina,SJJ
Sofia - Vrazhdebna,Bulgaria,SOF
Nadi,Fiji,NAN
Suva/Nausori,Fiji,SUV
Nausori,Fiji/Suva,SUV
Budapest  Ferihegy,Hungary,BUD
Skopje,Macedonia,SKP
Bucharest,Romania,BUH
Bucharest  Otopeni,Romania,OTP
Eriwan (Yerevan  Jerevan),Armenia,EVN
Baku,Azerbaijan,BAK
Minsk  International,Belarus,MSQ
Mostar,Bosnia and Herzegovina,OMO
Bourgas/Burgas,Bulgaria,BOJ
Gorna,Bulgaria,GOZ
Ruse,Bulgaria,ROU
Silistra,Bulgaria,SLS
Targovishte,Bulgaria,TGV
Varna,Bulgaria,VAR
Vidin,Bulgaria,VID
Dubrovnik,Croatia (Hrvatska),DBV
(Mali) Losinj - Losinj Arpt,Croatia (Hrvatska),LSZ
Osijek,Croatia (Hrvatska),OSI
Pula,Croatia (Hrvatska),PUY
Rijeka,Croatia (Hrvatska),RJK
Split,Croatia (Hrvatska),SPU
Zadar,Croatia (Hrvatska),ZAD
Zagreb - Pleso,Croatia (Hrvatska),ZAG
Tallinn - Pirita Harbour,Estonia,QUF
Tallinn - Ulemiste,Estonia,TLL
Tbilisi - Novo Alexeyevka,Georgia,TBS
Riga,Latvia,RIX
Wilna (Vilnius),Lithuania,VNO
Ohrid,Macedonia,OHD
Constanza,Romania,CND
Adler/Sochi,Russia,AER
Chabarovsk (Khabarovsk),Russia,KHV
Chita (Tschita),Russia,HTA
Irkutsk,Russia,IKT
Kazan (Ka San),Russia,KZN
Mineralnye Vody,Russia,MRV
Moscow - Metropolitan Area,Russia,MOW
Moscow - Domodedovo,Russia,DME
Moscow - Sheremetyevo,Russia,SVO
Moscow - Vnukovo,Russia,VKO
Murmansk,Russia,MMK
Novosibirsk - Tolmachevo,Russia,OVB
St. Petersburg (Leningrad) - Pulkovo,Russia,LED
Ulan-Ude,Russia,UUD
Velikiye Luki (Welikije Luki),Russia,VLU
Arkhangelsk,Russian Federation,ARH
Yakutsk,Russian Federation,YKS
Bratislava,Slovakia,BTS
Ljubljana - Brnik,Slovenia,LJU
Maribor,Slovenia,MBX
Kiev - Borispol,Ukraine,KBP
Kiev - Zhulhany,Ukraine,IEV
Lvov (Lwow  Lemberg),Ukraine,LWO
Nikolaev,Ukraine,NLV
Odessa,Ukraine,ODS
Simferopol,Ukraine,SIP
Belgrad (Beograd),Yugoslavia,BEG
Nis,Yugoslavia,INI
Novi Sad,Yugoslavia,QND
Podgorica,Yugoslavia,TGD
Pristina,Yugoslavia,PRN
Tivat,Yugoslavia,TIV
Tirana - Rinas,Albania,TIA
Innsbruck - Kranebitten,Austria,INN
Salzburg - W.A. Mozart,Austria,SZG
Wien (Vienna) - Vienna Int'l,Austria,VIE
Copenhagen,Denmark,CPH
Helsinki - Vantaa,Finland,HEL
Berlin,Germany,BER
Berlin  Schoenefeld,Germany,SXF
Berlin  Tegel,Germany,TXL
Dresden,Germany,DRS
Hamburg - Fuhlsbuettel,Germany,HAM
Athens,Greece,ATH
Athens  Hellinikon Airport,Greece,HEW
Corfu,Greece,CFU
Kos,Greece,KGS
Mykonos,Greece,JMK
Mytilene (Lesbos),Greece,MJT
Rhodos,Greece,RHO
Thessaloniki - Makedonia Apt.,Greece,SKG
Ibiza,Ibiza/Spain,IBZ
Cork,Ireland,ORK
Dublin,Ireland,DUB
Galway,Ireland,GWY
Kerry County,Ireland,KIR
Knock,Ireland,NOC
Shannon (Limerick),Ireland,SNN
Cagliari,Italy,CAG
Luga,Malta,MLA
Bergen,Norway,BGO
Oslo,Norway,OSL
Oslo - Sandefjord,Norway,TRF
Krakau,Poland,KRK
Warsaw,Poland,WAW
Lisbon - Lisboa,Portugal,LIS
Ponta Delgada,Portugal,PDL
Palma de Mallorca,Spain,PMI
Sevilla,Spain,SVQ
Valencia,Spain,VLC
Goteborg,Sweden,GOT
Stockholm Metropolitan Area,Sweden,STO
Stockholm - Arlanda,Sweden,ARN
Stockholm - Bromma,Sweden,BMA
Belfast - Harbour,United Kingdom,BHD
Belfast International,United Kingdom,BFS
Glasgow  Prestwick,United Kingdom,PIK
Glasgow,United Kingdom,GLA
Inverness,United Kingdom,INV
Andorra La Vella H/P,Andorra,ALV
Graz,Austria,GRZ
Klagenfurt,Austria,KLU
Linz - Hoersching,Austria,LNZ
Antwerp,Belgium,ANR
Brussels,Belgium,BRU
Liege,Belgium,LGG
Akrotiri - RAF,Cyprus,AKT
Larnaca,Cyprus,LCA
Limassol,Cyprus,QLI
Nicosia,Cyprus,NIC
Paphos,Cyprus,PFO
Prague - Ruzyne,Czech Republic,PRG
Aarhus,Denmark,AAR
Alborg,Denmark,AAL
Billund,Denmark,BLL
Esbjerg,Denmark,EBJ
Faroer,Denmark,FAE
Karup,Denmark,KRP
Odense,Denmark,ODE
Roenne,Denmark,RNN
Skrydstrup,Denmark,SKS
Soenderborg,Denmark,SGD
Thisted,Denmark,TED
Enontekioe,Finland,ENF
Ivalo,Finland,IVL
Joensuu,Finland,JOE
Jyvaeskylae,Finland,JYV
Kajaani,Finland,KAJ
Kauhajoki,Finland,KHJ
Kemi/Tornio,Finland,KEM
Kittilä,Finland,KTT
Kokkola/Pietarsaari,Finland,KOK
Kuopio,Finland,KUO
Kuusamo,Finland,KAO
Lappeenranta,Finland,LPP
Mariehamn (Maarianhamina),Finland,MHQ
Mikkeli,Finland,MIK
Oulu,Finland,OUL
Pori,Finland,POR
Rovaniemi,Finland,RVN
Savonlinna,Finland,SVL
Seinaejoki,Finland,SJY
Sodankylae,Finland,SOT
Tampere,Finland,TMP
Turku,Finland,TKU
Vaasa,Finland,VAA
Varkaus,Finland,VRK
Ajaccio,France,AJA
Albi,France,LBI
Annecy,France,NCY
Aurillac,France,AUR
Bastia,France,BIA
Biarritz,France,BIQ
Bordeaux,France,BOD
Brest,France,BES
Calvi,France,CLY
Chambery,France,CMF
Clermont Ferrand,France,CFE
Dinard,France,DNR
Figari,France,FSC
Frejus,France,FRJ
Grenoble,France,GNB
La Rochelle,France,LRH
Lannion,France,LAI
Lille,France,LIL
Limoges,France,LIG
Lorient,France,LRT
Lourdes/Tarbes,France,LDE
Lyon,France,LYS
Marseille,France,MRS
Metz,France,MZM
Montpellier - Frejorgues,France,MPL
Mulhouse,France,MLH
Nancy,France,ENC
Nantes,France,NTE
Nice - Cote D'Azur,France,NCE
Nimes,France,FNI
Paris,France,PAR
Paris - Charles de Gaulle,France,CDG
Paris - Le Bourget,France,LBG
Paris - Orly,France,ORY
Pau,France,PUF
Perpignan,France,PGF
Quimper,France,UIP
Rennes,France,RNS
Roanne,France,RNE
Rodez,France,RDZ
Saint Brieuc,France,SBK
St. Etienne,France,EBU
Strassburg,France,SXB
Toulouse - Blagnac,France,TLS
Augsburg,Germany,AGB
Bayreuth,Germany,BYU
Bremen,Germany,BRE
Cologne (Koeln)/Bonn,Germany,CGN
Dortmund,Germany,DTM
Duesseldorf,Germany,DUS
Erfurt,Germany,ERF
Frankfurt/Main Int'l Airport,Germany,FRA
Frankfurt/Hahn,Germany,HNN
Friedrichshafen,Germany,FDH
Hannover,Germany,HAJ
Hof,Germany,HOQ
Karlsruhe-Baden - Soellingen,Germany,FKB
Kiel - Holtenau,Germany,KEL
Köln  Köln/Bonn,Germany,CGN
Leipzig,Germany,LEJ
Muenchen (Munich) - Franz Josef Strauss,Germany,MUC
Muenster/Osnabrueck,Germany,FMO
Muenster/Osnabrueck,Germany,MSR
Nürnberg (Nuremberg),Germany,NUE
Paderborn/Lippstadt,Germany,PAD
Saarbruecken,Germany,SCN
Stuttgart - Echterdingen,Germany,STR
Westerland,Germany,GWT
Wiesbaden  Air Base,Germany,WIE
Gibraltar,Gibraltar,GIB
Araxos,Greece,GPA
Chania,Greece,CHQ
Chios,Greece,JKH
Heraklion,Greece,HER
Kalamata,Greece,KLX
Karpathos,Greece,AOK
Kavalla,Greece,KVA
Preveza/Lefkas,Greece,PVK
Saloniki,Greece,SKG
Samos,Greece,SMI
Skiathos,Greece,JSI
Thira,Greece,JTR
Zakynthos,Greece,ZTH
Christmas Line,Iceland,CXI
Egilsstadir,Iceland,EGS
Reykjavik - Metropolitan Area,Iceland,REK
Reykjavik - Keflavik International,Iceland,KEF
Sligo,Ireland,SXL
Alghero Sassari,Italy,AHO
Ancona,Italy,AOI
Bari,Italy,BRI
Bergamo,Italy,BGY
Bologna,Italy,BLQ
Brescia  Montichiari,Italy,VBS
Brindisi,Italy,BDS
Catania,Italy,CTA
Florence,Italy,FLR
Genoa,Italy,GOA
Lamezia Terme,Italy,SUF
Lampedusa,Italy,LMP
Milan,Italy,MIL
Milan - Linate,Italy,LIN
Milan - Malpensa,Italy,MXP
Milan - Orio Al Serio,Italy,BGY
Naples,Italy,NAP
Olbia,Italy,OLB
Palermo - Punta Raisi,Italy,PMO
Pantelleria,Italy,PNL
Perugia,Italy,PEG
Pescara,Italy,PSR
Pisa - Gal Galilei,Italy,PSA
Reggio Calabria,Italy,REG
Rimini,Italy,RMI
Rome,Italy,ROM
Rome - Ciampino,Italy,CIA
Rome - Fuimicino,Italy,FCO
Trapani,Italy,TPS
Treviso,Italy,TSF
Trieste,Italy,TRS
Turin,Italy,TRN
Venice - Marco Polo,Italy,VCE
Verona (Brescia) Montichiari,Italy,VBS
Verona,Italy,VRN
Luxembourg,Luxembourg,LUX
Amsterdam  Schiphol,Netherlands,AMS
Den Haag (The Hague),Netherlands,HAG
Eindhoven,Netherlands,EIN
Lelystad,Netherlands,LEY
Maastricht/Aachen,Netherlands,MST
Rotterdam,Netherlands,RTM
Alesund,Norway,AES
Alta,Norway,ALF
Bardufoss,Norway,BDU
Bodo,Norway,BOO
Broennoeysund,Norway,BNN
Evenes,Norway,EVE
Floro,Norway,FRO
Hammerfest,Norway,HFT
Haugesund,Norway,HAU
Kirkenes,Norway,KKN
Kristiansand,Norway,KRS
Kristiansund,Norway,KSU
Lakselv,Norway,LKL
Sogndal,Norway,SOG
Stavanger,Norway,SVG
Tromsoe,Norway,TOS
Trondheim,Norway,TRD
Gdansk,Poland,GDN
Poznan  Lawica,Poland,POZ
Stettin,Poland,SZZ
Faro,Portugal,FAO
Funchal,Portugal,FNC
Horta,Portugal,HOR
Porto,Portugal,OPO
Porto Santo,Portugal,PXO
Santa Maria,Portugal,SMA
Terceira,Portugal,TER
Alicante,Spain,ALC
Almeria,Spain,LEI
Arrecife/Lanzarote,Spain,ACE
Badajoz,Spain,BJZ
Barcelona,Spain,BCN
Bilbao,Spain,BIO
Cordoba,Spain,ODB
Fuerteventura,Spain,FUE
Gerona,Spain,GRO
Granada,Spain,GRX
Jerez de la Frontera/Cadiz,Spain,XRY
La Coruna,Spain,LCG
Las Palmas,Spain,LPA
Madrid - Barajas,Spain,MAD
Mahon,Spain,MAH
Malaga,Spain,AGP
Murcia,Spain,MJV
Oviedo,Spain,OVD
Reus,Spain,REU
San Sebastian,Spain,EAS
Santa Cruz de la Palma,Spain,SPC
Santander,Spain,SDR
Santiago de Compostela,Spain,SCQ
Tenerife,Spain,TCI
Tenerife - Sur Reina Sofia,Spain,TFS
Tenerife - Norte Los Rodeos,Spain,TFN
Valladolid,Spain,VLL
Valverde,Spain,VDE
Vigo,Spain,VGO
Vitoria,Spain,VIT
Zaragoza,Spain,ZAZ
Longyearbyen - Svalbard,Svalbard/Norway,LYR
Helsingborg,Sweden,JHE
Joenkoeping,Sweden,JKG
Kalmar,Sweden,KLR
Karlstad,Sweden,KSD
Kiruna,Sweden,KRN
Kristianstad,Sweden,KID
Lidkoeping,Sweden,LDK
Lulea,Sweden,LLA
Malmo (Malmoe),Sweden,MMA
Malmo (Malmoe) - Sturup,Sweden,MMX
Norrkoeping,Sweden,NRK
Oerebro,Sweden,ORB
Ronneby,Sweden,RNB
Sundsvall,Sweden,SDL
Vaexjoe,Sweden,VXO
Vasteras,Sweden,VST
Visby,Sweden,VBY
Altenrhein,Switzerland,ACH
Basel,Switzerland,BSL
Bern,Switzerland,BRN
Bern,Switzerland,ZDJ
Geneva,Switzerland,GVA
Lugano,Switzerland,LUG
Zurich (Zürich) - Kloten,Switzerland,ZRH
Basel/Mulhouse,Switzerland/France,EAP
Los Rodeos,Teneriffa/Spain,TFN
Reina Sofia,Teneriffa/Spain,TFS
Sheffield  City Airport,UK,SZD
Aberdeen,United Kingdom,ABZ
Birmingham,United Kingdom,BHX
Bristol,United Kingdom,BRS
Cambrigde,United Kingdom,CBG
Cardiff,United Kingdom,CWL
Derby (East Midlands),United Kingdom,EMA
Derry (Londonderry),United Kingdom,LDY
Edinburgh,United Kingdom,EDI
Guernsey,United Kingdom,GCI
Humberside,United Kingdom,HUY
Isle of Man,United Kingdom,IOM
Jersey,United Kingdom,JER
Leeds/Bradford,United Kingdom,LBA
Liverpool,United Kingdom,LPL
London,United Kingdom,LON
London - City Airport,United Kingdom,LCY
London - Gatwick,United Kingdom,LGW
London - Heathrow,United Kingdom,LHR
London - Luton,United Kingdom,LTN
London - Stansted,United Kingdom,STN
Manchester,United Kingdom,MAN
Newcastle,United Kingdom,NCL
Orkney,United Kingdom,KOI
Southampton - Eastleigh,United Kingdom,SOU
Southend,United Kingdom,SEN
Stansted (London),United Kingdom,STN
Stornway,United Kingdom,SYY
Sumburgh (Shetland),United Kingdom,LSI
Teesside  Durham Tees Valley,United Kingdom,MME
Wick,United Kingdom,WIC
Jerusalem,Israel,JRS
Tel Aviv - Ben Gurion Int'l,Israel,TLV
Beirut,Lebanon,BEY
Istanbul - Ataturk,Turkey,IST
Izmir,Turkey,IZM
Kabul - Khwaja Rawash,Afghanistan,KBL
Bahrain,Bahrain,BAH
Abadan,Iran,ABD
Tehran (Teheran) - Mehrabad,Iran,THR
Bagdad  Al Muthana,Iraq,BGW
Bagdad  Saddam International,Iraq,SDA
Basra  Basrah,Iraq,BSR
Kirkuk,Iraq,KIK
Mosul,Iraq,OSM
Elat,Israel,ETH
Elat  Ovula,Israel,VDA
Haifa,Israel,HFA
Amman  Queen Alia Intl,Jordan,AMM
Amman  Civil - Marka Airport,Jordan,ADJ
Aqaba,Jordan,AQJ
Kuwait - Kuwait Int'l,Kuwait,KWI
Jounieh,Lebanon,GJN
Muscat - Seeb,Oman,MCT
Salalah,Oman,SLL
Bahawalpur,Pakistan,BHV
Bannu,Pakistan,BNP
Chitral,Pakistan,CJL
Dera Ismail Khan,Pakistan,DSK
Faisalabad,Pakistan,LYP
Gilgit,Pakistan,GIL
Gwadar,Pakistan,GWD
Hyderabad,Pakistan,HDD
Islamabad - Islamabad Int'l,Pakistan,ISB
Jacobabad,Pakistan,JAG
Jiwani,Pakistan,JIW
Karachi - Quaid-E-Azam Int'l,Pakistan,KHI
Khuzdar,Pakistan,KDD
Kohat,Pakistan,OHT
Lahore,Pakistan,LHE
Mianwali,Pakistan,MWD
Mirpur,Pakistan,QML
Moenjodaro,Pakistan,MJD
Multan,Pakistan,MUX
Muzaffarabad,Pakistan,MFG
Nawab Shah,Pakistan,WNS
Panjgur,Pakistan,PJG
Pasni,Pakistan,PSI
Peshawar,Pakistan,PEW
Quetta,Pakistan,UET
Rahim Yar Khan,Pakistan,RYK
Rawala Kot,Pakistan,RAZ
Rawalpindi,Pakistan,RWP
Saidu Sharif,Pakistan,SDT
Sindhri,Pakistan,MPD
Skardu,Pakistan,KDU
Sui,Pakistan,SUL
Sukkur,Pakistan,SKZ
Turbat,Pakistan,TUK
Zhob,Pakistan,PZH
Doha,Qatar,DOH
Adana,Turkey,ADA
Ankara,Turkey,ANK
Antalya,Turkey,AYT
Dalaman,Turkey,DLM
Ashgabat  Ashkhabat,Turkmenistan,ASB
Abu Dhabi,UAE,AUH
Alfujairah (Fujairah),UAE,FJR
Dubai,UAE,DXB
Ras al Khaymah (Ras al Khaimah),UAE,RKT
Sharjah,UAE,SHJ
Al Ain,United Arab Emirates,AAN
Fujairah  Int'l Airport,United Arab Emirates,FJR
Dhahran,Saudi Arabia,DHA
Jeddah - King Abdulaziz Int'l,Saudi Arabia,JED
Khamis Mushayat,Saudi Arabia,AHB
Madinah  Mohammad Bin Abdulaziz,Saudi Arabia,MED
Medina,Saudi Arabia,MED
Riyadh - King Khaled Int'l,Saudi Arabia,RUH
Tabuk,Saudi Arabia,TUU
Taif,Saudi Arabia,TIF
Yanbu,Saudi Arabia,YNB
Dammam  King Fahad Int'l,Saudi Arabien,DMM
Aleppo,Syria,ALP
Damascus  International,Syria,DAM
Aden,Yemen,ADE
Sanaa (Sana'a) - Sana'a International,Yemen,SAH
Attawapiskat  NT,Canada,YAT
Bonaventure  PQ,Canada,YVB
Calgary/Banff,Canada,YYC
Cambridge Bay,Canada,YCB
Churchill,Canada,YYQ
Cienfuegos,Canada,CFG
Deer Lake/Corner Brook,Canada,YDF
Edmonton,Canada,YEA
Edmonton  International,Canada,YEG
Edmonton  Municipal,Canada,YXD
Flin Flon,Canada,YFO
Fort Albert,Canada,YFA
Fort McMurray,Canada,YMM
Fort Smith,Canada,YSM
Fort St. John,Canada,YXJ
Fredericton,Canada,YFC
Gander,Canada,YQX
Gillam,Canada,YGX
Goose Bay,Canada,YYR
Halifax Int'l,Canada,YHZ
Hall Beach,Canada,YUX
Hamilton,Canada,YHM
Harrington Harbour  PQ,Canada,YHR
Inuvik,Canada,YEV
Iqaluit (Frobisher Bay),Canada,YFB
Kaschechawan  PQ,Canada,ZKE
Kelowna  BC,Canada,YLW
Kuujjuaq (FortChimo),Canada,YVP
Kuujjuarapik,Canada,YGW
Lac Brochet  MB,Canada,XLB
La Grande,Canada,YGL
Leaf Rapids,Canada,YLR
London,Canada,YXU
Moncton,Canada,YQM
Montreal,Canada,YMQ
Montreal - Dorval (Montréal-Trudeau),Canada,YUL
Montreal - Mirabel,Canada,YMX
Nanisivik,Canada,YSR
Norman Wells,Canada,YVQ
Ottawa - Hull,Canada,YOW
Port Menier  PQ,Canada,YPN
Prince George,Canada,YXS
Prince Rupert/Digby Island,Canada,YPR
Pukatawagan,Canada,XPK
Quebec - Quebec Int'l,Canada,YQB
Rainbow Lake  AB,Canada,YOP
Regina,Canada,YQR
Resolute Bay,Canada,YRB
Saint John,Canada,YSJ
Sandspit,Canada,YZP
Saskatoon,Canada,YXE
Shamattawa  MB,Canada,ZTM
Smithers,Canada,YYD
South Indian Lake  MB,Canada,XSI
St. Augustin  PQ,Canada,YIF
St. John's,Canada,YYT
St. Pierre  NF,Canada,FSP
Terrace,Canada,YXT
The Pas,Canada,YQD
Thompson,Canada,YTH
Thunder Bay,Canada,YQT
Toronto Island,Canada,YTZ
Toronto - Lester B. Pearson,Canada,YYZ
Toronto,Canada,YTO
Val d'Or,Canada,YVO
Vancouver - Vancouver Int'l,Canada,YVR
Victoria,Canada,YYJ
Wabush,Canada,YWK
Whale Cove  NT,Canada,YXN
Whitehorse,Canada,YXY
Windsor Ontario,Canada,YQG
Winnipeg Int'l,Canada,YWG
Yellowknife,Canada,YZF
Narsarsuaq,Greenland,UAK
Soendre Stroemfjord,Greenland,SFJ
Acapulco,Mexico,ACA
Aguascaliente,Mexico,AGU
Cancun,Mexico,CUN
Chichen Itza,Mexico,CZA
Chihuahua  Gen Fierro Villalobos,Mexico,CUU
Ciudad Del Carmen,Mexico,CME
Ciudad Juarez,Mexico,CJS
Ciudad Obregon,Mexico,CEN
Ciudad Victoria,Mexico,CVM
Colima,Mexico,CLQ
Cozmel,Mexico,CZM
Culiacan,Mexico,CUL
Guadalajara,Mexico,GDL
Hermosillo - Gen. Pesqueira Garcia,Mexico,HMO
Huatulco,Mexico,HUX
Ixtapa/Zihuatenejo,Mexico,ZIH
La Paz - Leon,Mexico,LAP
Lazaro Cardenas,Mexico,LZC
Leon,Mexico,BJX
Loreto,Mexico,LTO
Los Cabos,Mexico,SJD
Los Mochis,Mexico,LMM
Manzanillo,Mexico,ZLO
Mazatlan,Mexico,MZT
Merida,Mexico,MID
Mexicali,Mexico,MXL
Mexico City,Mexico,MEX
Mexico City - Juarez International,Mexico,MEX
Minatitlan,Mexico,MTT
Monterrey,Mexico,MTY
Monterrey - Aeropuerto Del Norte,Mexico,NTR
Morelia,Mexico,MLM
Nuevo Laredo,Mexico,NLD
Oaxaca,Mexico,OAX
Puebla,Mexico,PBC
Puerto Escondido,Mexico,PXM
Puerto Vallarta,Mexico,PVR
San Jose Cabo,Mexico,SJD
San Luis Potosi,Mexico,SLP
Santa Rosalia,Mexico,SRL
Tampico - Gen. F. Javier Mina,Mexico,TAM
Tijuana - Rodriguez,Mexico,TIJ
Tuxtla Gutierrez,Mexico,TGZ
Veracruz,Mexico,VER
Villahermosa,Mexico,VSA
Zacatecas,Mexico,ZCL
Aberdeen  SD,USA,ABR
Abilene  TX,USA,ABI
Akron  OH,USA,CAK
Albany  GA,USA,ABY
Albany  NY,USA,ALB
Albuquerque  NM,USA,ABQ
Alexandria  La,USA,ESF
Allentown  PA,USA,ABE
Altoona  PA,USA,AOO
Amarillo  TX,USA,AMA
Anchorage  AK,USA,ANC
Ann Arbor  MI,USA,ARB
Anniston  AL,USA,ANB
Appelton/Neenah/Menasha  WI,USA,ATW
Asheville  NC,USA,AVL
Aspen Snowmass  CO,USA,ASE
Athens  GA,USA,AHN
Athens  OH,USA,ATO
Atlanta  Hartsfield Atlanta Int'l Airport,USA,ATL
Atlantic City  NJ,USA,ACY
Augusta  GA,USA,AGS
Augusta  ME,USA,AUG
Austin  TX,USA,AUS
Bakersfield  CA,USA,BFL
Baltimore Washington Int'l Airport; MD,USA,BWI
Bangor  ME,USA,BGR
Baton Rouge  La,USA,BTR
Beaumont/Pt. Arthur  TX,USA,BPT
Beckley  WV,USA,BKW
Bellingham  WA,USA,BLI
Bemidji  MN,USA,BJI
Benton Harbour  MI,USA,BEH
Bethel  AK,USA,BET
Billings  MT,USA,BIL
Birmingham  AL,USA,BHM
Bismarck/Mandan  ND,USA,BIS
Bloomington  IL,USA,BMI
Bloomington  IN,USA,BMG
Bluefield  WV,USA,BLF
Boise  ID,USA,BOI
Borrego Springs  CA,USA,BXS
Boston - Logan  MA,USA,BOS
Bozeman  MT,USA,BZN
Bradford/Warren  PA/Olean  NY,USA,BFD
Brainerd  MN,USA,BRD
Bridgeport  CT,USA,BDR
Brookings  SD,USA,BKX
Brunswick  GA,USA,BQK
Buffalo/Niagara Falls  NY,USA,BUF
Bullhead City  NV,USA,BHC
Burbank  CA,USA,BUR
Burlington  IA,USA,BRL
Burlington  VT,USA,BTV
Butte  MT,USA,BTM
Carlsbad  CA,USA,CLD
Casper  WY,USA,CPR
Cedar City  UT,USA,CDC
Cedar Rapids  IA,USA,CID
Champaign  IL,USA,CMI
Charleston  SC,USA,CHS
Charleston  WV,USA,CRW
Charlotte  NC,USA,CLT
Charlottesville  VA,USA,CHO
Chattanooga  TN,USA,CHA
Cheyenne  WY,USA,CYS
Chicago  Midway  IL,USA,MDW
Chicago O'Hare Int'l Airport  IL,USA,ORD
Chicago  IL,USA,CHI
Chico  CA,USA,CIC
Cincinnati  OH,USA,CVG
Clarksburg  WV,USA,CKB
Cleveland  Burke Lakefront  OH,USA,BKL
Cleveland  Hopkins  OH,USA,CLE
Cody/Powell/Yellowstone  WY,USA,COD
Coffmann Cove  AK,USA,KCC
College Station/Bryan  TX,USA,CLL
Colorado Springs  CO,USA,COS
Columbia  SC,USA,CAE
Columbus  GA,USA,CSG
Columbus  OH,USA,CMH
Concord  CA,USA,CCR
Cordova  AK,USA,CDV
Corpus Christi  TX,USA,CRP
Craig  AK,USA,CGA
Crescent City  CA,USA,CEC
Dallas  Love Field  TX,USA,DAL
Dallas/Ft. Worth  TX,USA,DFW
Danville  VA,USA,DAN
Dayton  OH,USA,DAY
Daytona Beach  FL,USA,DAB
Decatur  IL,USA,DEC
Denver International Airport  CO,USA,DEN
Des Moines  IA,USA,DSM
Detroit City  MI,USA,DET
Detroit Metropolitan Wayne County Airport  MI,USA,DTW
Detroit Metropolitan Area  MI,USA,DTT
Devils Lake  ND,USA,DVL
Dillingham  AK,USA,DLG
Dothan  AL,USA,DHN
Dubois  PA,USA,DUJ
Dubuque  IA,USA,DBQ
Duluth  MN/Superior  WI,USA,DLH
Durango  CO,USA,DRO
Dutch Harbor  AK,USA,DUT
Eau Clarie  WI,USA,EAU
El Paso  TX,USA,ELP
Elkhart  IN,USA,EKI
Elko  NV,USA,EKO
Elmira  NY,USA,ELM
Ely  NV,USA,ELY
Erie  PA,USA,ERI
Escabana  MI,USA,ESC
Eugene  OR,USA,EUG
Eureka  CA,USA,ACV
Evansville  IN,USA,EVV
Fairbanks  AK,USA,FAI
Fargo  ND  MN,USA,FAR
Farmington  NM,USA,FMN
Fayetteville  AR,USA,FYV
Fayetteville/Ft. Bragg  NC,USA,FAY
Flagstaff  AZ,USA,FLG
Flint  MI,USA,FNT
Florence  SC,USA,FLO
Fort Dodge  IA,USA,FOD
Fort Huachuca/Sierra Vista  AZ,USA,FHU
Fort Lauderdale/Hollywood  FL,USA,FLL
Fort Myers  Metropolitan Area  FL,USA,FMY
Fort Myers  Southwest Florida Reg  FL,USA,RSW
Fort Smith  AR,USA,FSM
Fort Walton Beach  FL,USA,VPS
Fort Wayne  IN,USA,FWA
Franklin/Oil City  PA,USA,FKL
Fresno  CA,USA,FAT
Gadsden  AL,USA,GAD
Gainesville  FL,USA,GNV
Gilette  WY,USA,GCC
Glasgow  MT,USA,GGW
Glendive  MT,USA,GDV
Grand Canyon  AZ,USA,GCN
Grand Forks  ND,USA,GFK
Grand Junction  CO,USA,GJT
Grand Rapids  MI,USA,GRR
Grand Rapids  MN,USA,GPZ
Great Falls  MT,USA,GTF
Green Bay  WI,USA,GRB
Greenbrier/Lewisburg  WV,USA,LWB
Greensboro/Winston Salem  NC,USA,GSO
Greenville  MS,USA,GLH
Greenville  NC,USA,PGV
Greenville/Spartanburg  SC,USA,GSP
Groton/New London  CT,USA,GON
Gulfport/Biloxi  MS,USA,GPT
Gunnison/Crested Butte  CO,USA,GUC
Haines  AK,USA,HNS
Hancock  MI,USA,CMX
Harlington/South Padre Island  TX,USA,HRL
Harrisburg  PA - Harrisburg Skyport,USA,HAR
Harrisburg  PA - Harrisburg Int'l,USA,MDT
Hartford  CT/Springfield  MA,USA,BDL
Havre  MT,USA,HVR
Helena  MT,USA,HLN
Hibbing  MN,USA,HIB
Hickory  NC,USA,HKY
Hilo  HI,USA,ITO
Hilton Head Island  SC,USA,HHH
Homer  AK,USA,HOM
Honolulu  HI,USA,HNL
Hoonah  AK,USA,HNH
Houston  Hobby  TX,USA,HOU
Houston  Intercontinental  TX,USA,IAH
Huntington  OH,USA,HTS
Huntsville  AL,USA,HSV
Huron  SD,USA,HON
Hyannis  MA,USA,HYA
Hydaburg  AK,USA,HYG
Idaho Falls  ID,USA,IDA
Iliamna  AK,USA,ILI
Imperial  CA,USA,IPL
Indianapolis  IN,USA,IND
International Falls  MN,USA,INL
Inykern  CA,USA,IYK
Ithaca/Cortland  NY,USA,ITH
Jackson Hole  WY,USA,JAC
Jackson  MI,USA,JXN
Jackson  MS,USA,JAN
Jackson  TN,USA,MKL
Jacksonville  FL,USA,JAX
Jacksonville  NC,USA,OAJ
Jamestown  ND,USA,JMS
Jamestown  NY,USA,JHW
Johnstown  PA,USA,JST
Joplin  MO,USA,JLN
Juneau  AK - Juneau Int'l,USA,JNU
Kahului  HI,USA,OGG
Kalamazoo/Battle Creek  MI,USA,AZO
Kalispell  MT,USA,FCA
Kamuela  HI,USA,MUE
Kansas City  MO - Int'l,USA,MCI
Kapalua West  HI,USA,JHM
Kaunakakai  HI,USA,MKK
Kenai  AK,USA,ENA
Ketchikan  AK,USA,KTN
Key West  FL,USA,EYW
Killeem  TX,USA,ILE
King Salomon  AK,USA,AKN
Kingston  NC,USA,ISO
Klamath Fall  OR,USA,LMT
Klawock  AK,USA,KLW
Knoxville  TN,USA,TYS
Kodiak  AK,USA,ADQ
Kona  HI,USA,KOA
Kotzbue  AK,USA,OTZ
Labouchere Bay  AK,USA,WLB
La Crosse  WI,USA,LSE
Lafayette  IN,USA,LAF
Lafayette  La,USA,LFT
Lake Charles  La,USA,LCH
Lake Havasu City  AZ,USA,HII
Lake Tahoe  CA,USA,TVL
Lanai City  HI,USA,LNY
Lancaster  PA,USA,LNS
Lansing  MI,USA,LAN
Laramie  WY,USA,LAR
Laredo  TX,USA,LRD
Las Vegas  NV,USA,LAS
Latrobe  PA,USA,LBE
Laurel/Hattisburg  MS,USA,PIB
Lawton  OK,USA,LAW
Lebanon  NH,USA,LEB
Lewiston  ID,USA,LWS
Lewistown  MT,USA,LWT
Lexington  KY,USA,LEX
Lihue  HI,USA,LIH
Lincoln  NE,USA,LNK
Little Rock  AR,USA,LIT
Long Beach  CA,USA,LGB
Long Island  AK,USA,LIJ
Long Island  Islip  NY - Mac Arthur,USA,ISP
Longview/Kilgore  TX,USA,GGG
Los Angeles  CA - Int'l,USA,LAX
Louisville  KY,USA,SDF
Lubbock  TX,USA,LBB
Lynchburg  VA,USA,LYH
Macon  GA,USA,MCN
Madison  WI,USA,MSN
Manchester  NH,USA,MHT
Marathon  FL,USA,MTH
Marquette  MI,USA,MQT
Martha's Vineyard  MA,USA,MVY
Mason City  IA,USA,MCW
Mattoon  IL,USA,MTO
McAllen  TX,USA,MFE
Medford  OR,USA,MFR
Melbourne  FL,USA,MLB
Memphis  TN,USA,MEM
Merced  CA,USA,MCE
Meridian  MS,USA,MEI
Metlakatla  AK,USA,MTM
Miami  FL,USA,MIA
Midland/Odessa  TX,USA,MAF
Miles City  MT,USA,MLS
Milwaukee  WI,USA,MKE
Minneapolis - St. Paul Int'l Airport  MN,USA,MSP
Minot  ND,USA,MOT
Missula  MT,USA,MSO
Mitchell  SD,USA,MHE
Mobile  AL - Pascagoula  MS,USA,MOB
Modesto  CA,USA,MOD
Moline/Quad Cities  IL,USA,MLI
Monroe  La,USA,MLU
Monterey  CA,USA,MRY
Montgomery  AL,USA,MGM
Montrose/Tellruide  CO,USA,MTJ
Morgantown  WV,USA,MGW
Moses Lake  WA,USA,MWH
Mt. McKinley  AK,USA,MCL
Muscle Shoals  AL,USA,MSL
Muskegon  MI,USA,MKG
Myrtle Beach  SC,USA,MYR
Nantucket  MA,USA,ACK
Naples  FL,USA,APF
Nashville  TN,USA,BNA
New Bern  NC,USA,EWN
New Haven  CT,USA,HVN
New Orleans  La,USA,MSY
New York - John F. Kennedy  NY,USA,JFK
New York - La Guardia  NY,USA,LGA
New York - Newark  NJ,USA,EWR
New York  NY,USA,NYC
Newburgh  NY,USA,SWF
Newport News/Williamsburg  VA,USA,PHF
Niagara Falls Int'l,USA,IAG
Nome  AK,USA,OME
Norfolk/Virginia Beach  VA,USA,ORF
North Bend  OR,USA,OTH
Oakland  CA,USA,OAK
Oklahoma City  OK - Will Rogers World,USA,OKC
Omaha  NE,USA,OMA
Ontario  CA,USA,ONT
Orange County (Santa Ana)  CA,USA,SNA
Orlando Metropolitan Area  FL,USA,ORL
Oshkosh  WI,USA,OSH
Owensboro  KY,USA,OWB
Oxnard  CA,USA,OXR
Paducah  KY,USA,PAH
Page/Lake Powell  AZ,USA,PGA
Pakersburg  WV/Marietta  OH,USA,PKB
Palm Springs  CA,USA,PSP
Palmdale/Lancaster  CA,USA,PMD
Panama City  FL,USA,PFN
Pasco  WA,USA,PSC
Pellston  MI,USA,PLN
Pendelton  OR,USA,PDT
Pensacola  FL,USA,PNS
Peoria/Bloomington  IL,USA,PIA
Petersburg  AK,USA,PSG
Philadelphia  PA - Int'l,USA,PHL
Phoenix  AZ - Sky Harbor Int'l,USA,PHX
Pierre  SD,USA,PIR
Pittsburgh Int'l Airport  PA,USA,PIT
Plattsburgh  NY,USA,PLB
Pocatello  ID,USA,PIH
Port Angeles  WA,USA,CLM
Portland  ME,USA,PWM
Portland Int'l  OR,USA,PDX
Poughkeepsie  NY,USA,POU
Presque Island  ME,USA,PQI
Providence  RI,USA,PVD
Prudhoe Bay  AK,USA,SCC
Pueblo  CO,USA,PUB
Pullman  WA,USA,PUW
Quincy  IL,USA,UIN
Raleigh/Durham  NC,USA,RDU
Rapid City  SD,USA,RAP
Reading  PA,USA,RDG
Redding  CA,USA,RDD
Redmond  OR,USA,RDM
Reno  NV,USA,RNO
Rhinelander  WI,USA,RHI
Richmond  VA,USA,RIC
Roanoke  VA,USA,ROA
Rochester  MN,USA,RST
Rochester  NY,USA,ROC
Rock Springs  WY,USA,RKS
Rockford  IL,USA,RFD
Rockland  ME,USA,RKD
Rocky Mount - Wilson  NC,USA,RWI
Sacramento  CA,USA,SMF
Saginaw/Bay City/Midland  MI,USA,MBS
Salem  OR,USA,SLE
Salinas  CA,USA,SNS
Salisbury  MD,USA,SBY
Salt Lake City  UT,USA,SLC
San Angelo  TX,USA,SJT
San Antonio  TX,USA,SAT
San Diego - Lindberg Field Int'l  CA,USA,SAN
San Francisco - Int'l Airport  SA,USA,SFO
San Jose  CA,USA,SJC
San Luis Obisco  CA,USA,SBP
Santa Barbara  CA,USA,SBA
Santa Maria  CA,USA,SMX
Santa Rosa  CA,USA,STS
Sarasota/Bradenton  FL,USA,SRQ
Savannah  GA,USA,SAV
Scottsdale  AZ,USA,SCF
Seattle/Tacoma  WA,USA,SEA
Shenandoah Valley/Stauton  VA,USA,SHD
Sheridan  WY,USA,SHR
Shreveport  La,USA,SHV
Sidney  MT,USA,SDY
Sioux City  IA,USA,SUX
Sioux Falls  SD,USA,FSD
Sitka  AK,USA,SIT
Skagway  AK,USA,SGY
South Bend  IN,USA,SBN
Spokane  WA,USA,GEG
Springfield  IL,USA,SPI
Springfield  MO,USA,SGF
St. George  UT,USA,SGU
St. Louis - Lambert  MO,USA,STL
State College/Belefonte  PA,USA,SCE
Steamboat Springs  CO,USA,HDN
Stockton  CA,USA,SCK
Sun Valley  ID,USA,SUN
Syracuse  NY,USA,SYR
Talkeetna  AK,USA,TKA
Tallahassee  FL,USA,TLH
Tampa Int'l  FL,USA,TPA
Telluride  CO,USA,TEX
Terre Haute  IN,USA,HUF
Texarkana  AR,USA,TXK
Thief River Falls  MN,USA,TVF
Thorne Bay  AK,USA,KTB
Toledo  OH,USA,TOL
Traverse City  MI,USA,TVC
Trenton/Princeton  NJ,USA,TTN
Tri-Cities Regional  TN/VA,USA,TRI
Tucson  AZ,USA,TUS
Tulepo  MS,USA,TUP
Tulsa  OK,USA,TUL
Tuscaloosa  AL,USA,TCL
Twin Falls  ID,USA,TWF
Tyler  TX,USA,TYR
Utica  NY,USA,UCA
Vail  CO,USA,EGE
Valdez  AK,USA,VDZ
Valdosta  GA,USA,VLD
Vernal  UT,USA,VEL
Vero Beach/Ft. Pierce  FL,USA,VRB
Visalia  CA,USA,VIS
Waco  TX,USA,ACT
Walla Walla  WA,USA,ALW
Washington DC - Baltimore Washington Int'l,USA,BWI
Washington DC - Dulles Int'l,USA,IAD
Washington DC - Ronald Reagan National,USA,DCA
Washington  DC,USA,WAS
Waterloo  IA,USA,ALO
Watertown  SD,USA,ATY
Wausau/Stevens Point  WI,USA,CWA
Wenatchee  WA,USA,EAT
West Palm Beach  FL,USA,PBI
West Yellowstone  MT,USA,WYS
White Plains  NY,USA,HPN
Wichita Falls  TX,USA,SPS
Wichita  KS,USA,ICT
Wilkes Barre/Scranton  PA,USA,AVP
Williamsport  PA,USA,IPT
Williston  ND,USA,ISL
Wilmington  NC,USA,ILM
Wolf Point  MT,USA,OLF
Worcester  MA,USA,ORH
Worland  WY,USA,WRL
Wrangell  AK,USA,WRG
Yakima  WA,USA,YKM
Yakutat  AK,USA,YAK
Yuma  AZ,USA,YUM
Orlando Int'l Airport  FL,USA,ORL
Buenos Aires  Jorge Newbery,Argentina,AEP
Barranquilla,Colombia,BAQ
Buenos Aires,Argentina,BUE
Catagena,Colombia,CTG
Buenos Aires  Ezeiza Int'l Airport,Argentina,EZE
Iguazu  Cataratas,Argentina,IGR
Easter Island,Chile,IPC
Lima - J Chavez Int'l,Peru,LIM
Montevideo - Carrasco,Uruguay,MVD
Santiago de Chile - Arturo Merino Benitez,Chile,SCL
Quito - Mariscal Sucr,Ecuador,UIO
La Paz - El Alto,Bolivia,LPB
Santa Cruz de la Sierra,Bolivia,SRZ
Punta Arenas,Chile,PUQ
Valparaiso,Chile,VAP
Bogota,Colombia,BOG
Bucaramanga,Colombia,BGA
Iquitos,Peru,IQT
Cordoba,Argentina,COR
Mar del Plata,Argentina,MDQ
Mendoza,Argentina,MDZ
Rosario,Argentina,ROS
Salta  Gen Belgrano,Argentina,SLA
San Carlos de Bariloche,Argentina,BRC
Santa Rosa,Argentina,RSA
Cochabamba,Bolivia,CBB
Santa Rosa,Bolivia,SRB
Rio de Janeiro - Galeao,Brazil,GIG
Rio de Janeiro - Santos Dumont,Brazil,SDU
Rio de Janeiro,Brazil,RIO
Sao Paulo,Brazil,SAO
Sao Paulo - Congonhas,Brazil,CGH
Sao Paulo - Guarulhos,Brazil,GRU
Sao Paulo - Viracopos,Brazil,VCP
Aracaju,Brazil,AJU
Belem,Brazil,BEL
Belo Horizonte,Brazil,CNF
Boa Vista,Brazil,BVB
Brasilia,Brazil,BSB
Campo Grande,Brazil,CGR
Cuiaba,Brazil,CGB
Curitiba,Brazil,CWB
Florianopolis,Brazil,FLN
Fortaleza,Brazil,FOR
Goiania,Brazil,GYN
Guarulhos Int'l - Sao Paulo,Brazil,GRU
Joacaba,Brazil,JCB
Joao Pessoa - Castro Pinto,Brazil,JPA
Macapa,Brazil,MCP
Maceio,Brazil,MCZ
Manaus,Brazil,MAO
Montenegro,Brazil,QGF
Natal,Brazil,NAT
Porto Alegre,Brazil,POA
Porto Velho,Brazil,PVH
Recife,Brazil,REC
Rio Branco,Brazil,RBR
Salvador,Brazil,SSA
Santa Rosa,Brazil,SRA
Sao Luis,Brazil,SLZ
Teresina,Brazil,THE
Uberlandia  MG,Brazil,UDI
Vitoria,Brazil,VIX
Cali,Colombia,CLO
Medellin,Colombia,MDE
Armenia,Colombia,AXS
Pereira,Colombia,PEI
San Andres,Colombia,ADZ
Santa Rosalia,Colombia,SSL
Guayaquil,Ecuador,GYE
Salinas,Ecuador,SNC
Cayenne,French Guayana,CAY
Conakry,Guinea,CKY
Labe,Guinea,LEK
Bissau,Guinea Bissau,BXO
Georgetown,Guyana,GEO
Asuncion,Paraguay,ASU
Barcelona,Venezuela,BLA
Caracas,Venezuela,CCS
Maracaibo - La Chinita,Venezuela,MAR
Margerita,Venezuela,PMV
Puerto Ordaz,Venezuela,PZO
Valencia,Venezuela,VLN
Alice Springs,Australia,ASP
Ayers Rock,Australia,AYQ
Perth Int'l,Australia,PER
Bora Bora,French Polynesia,BOB
Papeete - Faaa,French Polynesia (Tahiti),PPT
Pago Pago,American Samoa,PPG
Adelaide,Australia,ADL
Albany,Australia,ALH
Albury,Australia,ABX
Ayr,Australia,AYR
Ballina,Australia,BNK
Bamaga,Australia,ABM
Blackwater,Australia,BLT
Bowen,Australia,ZBO
Brampton Island,Australia,BMP
Brisbane,Australia,BNE
Broken Hill,Australia,BHQ
Broome,Australia,BME
Bundaberg,Australia,BDB
Burnie (Wynyard),Australia,BWT
Cairns,Australia,CNS
Canberra,Australia,CBR
Carnarvon,Australia,CVQ
Casino,Australia,CSI
Ceduna,Australia,CED
Cessnock,Australia,CES
Charters Towers,Australia,CXT
Clermont,Australia,CMQ
Coffs Harbour,Australia,CFS
Collinsville,Australia,KCE
Coober Pedy,Australia,CPD
Cooktown,Australia,CTN
Cooma,Australia,OOM
Dalby,Australia,DBY
Darwin,Australia,DRW
Daydream Island,Australia,DDI
Derby,Australia,DRB
Devonport,Australia,DPO
Dubbo,Australia,DBO
Dunk Iceland,Australia,DKI
Dysart,Australia,DYA
Emerald,Australia,EDR
Emerald,Australia,EMD
Esperance,Australia,EPR
Geelong,Australia,GEX
Geraldton,Australia,GET
Gladstone,Australia,GLT
Gold Coast,Australia,OOL
Goondiwindi,Australia,GOO
Gove (Nhulunbuy),Australia,GOV
Great Keppel Island,Australia,GKL
Griffith,Australia,GFF
Groote Eyeland,Australia,GTE
Groote Eylandt,Australia,GTI
Gympie,Australia,GYP
Hamilton,Australia,HLT
Hamilton Island,Australia,HTI
Hayman Island,Australia,HIS
Hervey Bay,Australia,HVB
Hinchinbrook Island,Australia,HNK
Hobart,Australia,HBA
Home Hill,Australia,HMH
Ingham,Australia,IGH
Innisfail,Australia,IFL
Kalgoorlie,Australia,KGI
Karratha,Australia,KTA
Karumba,Australia,KRB
Katherine,Australia,KTR
Kingscote,Australia,KGC
Kowanyama,Australia,KWM
Kununurra,Australia,KNX
Launceston,Australia,LST
Laverton,Australia,LVO
Learmouth (Exmouth),Australia,LEA
Leinster,Australia,LER
Leonora,Australia,LNO
Lindeman Island,Australia,LDC
Lismore,Australia,LSY
Lizard Island,Australia,LZR
Lockhart River,Australia,IRG
Longreach,Australia,LRE
Mackay,Australia,MKY
Maitland,Australia,MTL
Maryborough,Australia,MBH
Meekatharra,Australia,MKR
Melbourne - Tullamarine,Australia,MEL
Merimbula,Australia,MIM
Middlemount,Australia,MMM
Mildura,Australia,MQL
Moranbah,Australia,MOV
Moree,Australia,MRZ
Mount Gambier,Australia,MGB
Mount Magnet,Australia,MMG
Mt. Isa,Australia,ISA
Narrabri,Australia,NAA
Narrandera,Australia,NRA
Newcastle - Belmont,Australia,BEO
Newcastle - Williamtown,Australia,NTL
Newman,Australia,ZNE
Noosa,Australia,NSA
Norfolk Island,Australia,NLK
Olympic Dam,Australia,OLP
Orange,Australia,OAG
Orpheus Island,Australia,ORS
Paraburdoo,Australia,PBO
Port Augusta,Australia,PUG
Port Hedland,Australia,PHE
Portland,Australia,PTJ
Port Lincoln,Australia,PLO
Port Macquarie,Australia,PQQ
Prosperpine,Australia,PPP
Queenstown,Australia,UEE
Rockhampton,Australia,ROK
Scone,Australia,NSO
Shute Harbour,Australia,JHQ
Singleton,Australia,SIX
South Molle Island,Australia,SOI
Streaky Bay,Australia,KBY
Sunshine Coast,Australia,MCY
Sydney - Kingsford Smith,Australia,SYD
Tamworth,Australia,TMW
Taree,Australia,TRO
Temora,Australia,TEM
Tennant Creek,Australia,TCA
Thursday Island,Australia,TIS
Tom Price,Australia,TPR
Toowoomba,Australia,TWB
Townsville,Australia,TSV
Wagga,Australia,WGA
Warrnambool,Australia,WMB
Weipa,Australia,WEI
Whitsunday Resort,Australia,HAP
Whyalla,Australia,WYA
Wickham,Australia,WHM
Wiluna,Australia,WUN
Wollongong,Australia,WOL
Woomera,Australia,UMR
Wyndham,Australia,WYN
Huahine,French Polynesia,HUH
Manihi,French Polynesia,XMH
Maupiti,French Polynesia,MAU
Moorea,French Polynesia,MOZ
Raiatea,French Polynesia,RFP
Rangiroa,French Polynesia,RGI
Grenada,Grenada,GND
Agana,Guam,SUM
Guam,Guam,GUM
Rarotonga Cook,Island,RAR
King Island,King Island,KNS
Lifou,Loyaute  Pazifik,LIF
Pohnpei,Micronesia,PNI
Ile des Pins,New Caledonia,ILP
Ile Ouen,New Caledonia,IOU
Mare,New Caledonia,MEE
Noumea,New Caledonia,NOU
Touho,New Caledonia,TOU
Saipan,Northern Mariana Islands,SPN
Apia,Samoa,APW
Guadalcanal,Solomon Islands,GSI
Honiara Henderson Int'l,Solomon Islands,HIR
Port Vila,Vanuatu,VLI
Santo,Vanuatu,SON
Futuna,Wallis and Futuna Islands,FUT
Wallis,Wallis and Futuna Islands,WLS
Auckland,New Zealand,AKL
Blenheim,New Zealand,BHE
Christchurch,New Zealand,CHC
Dunedin,New Zealand,DUD
Incercargill,New Zealand,IVC
Invercargill,New Zealand,IVC
Milford Sound,New Zealand,MFN
Mount Cook,New Zealand,GTN
Nelson,New Zealand,NSN
Palmerston North,New Zealand,PMR
Queenstown,New Zealand,ZQN
Rotorua,New Zealand,ROT
Te Anau,New Zealand,TEU
Wellington,New Zealand,WLG
Whakatane,New Zealand,WHK
Whangarei,New Zealand,WRE
Lome,Togo,LFW
Nuku'alofa - Fua'Amotu International,Tonga,TBU
Phnom Penh - Pochentong,Cambodia,PNH
Vientiane - Wattay,Laos,VTE
Rangoon (Yangon) - Mingaladon,Myanmar (Burma),RGN
Yangon (Rangoon) - Mingaladon,Myanmar (Burma),RGN
Bandar Seri Begawan,Brunei,BWN
Kuala Belait,Brunei,KUB
Bujumbura,Burundi,BJM
Douala,Cameroon,DLA
Garoua,Cameroon,GOU
Maroua,Cameroon,MVR
N'Gaoundere,Cameroon,NGE
Yaounde,Cameroon,YAO
Denpasar/Bali,Indonesia,DPS
Jakarta - Halim Perdanakusma,Indonesia,HLP
Jakarta - Kemayoran,Indonesia,JKT
Jakarta - Soekarno-Hatta,Indonesia,CGK
Medan,Indonesia,MES
Manado,Indonesia,MDC
Surabaya - Juanda,Indonesia,SUB
Tioman,Indonesia,TOD
Ujung Pandang,Indonesia,UPG
Bintulu,Malaysia,BTU
Johore Bahru,Malaysia,JHB
Kota Kinabalu,Malaysia,BKI
Kuala Lumpur - Int'l Airport,Malaysia,KUL
Kuala Lumpur - Sultan Abdul Aziz Shah,Malaysia,SZB
Kuantan,Malaysia,KUA
Kuching,Malaysia,KCH
Labuan,Malaysia,LBU
Langkawi,Malaysia,LGK
Miri,Malaysia,MYY
Penang International,Malaysia,PEN
Sibu,Malaysia,SBW
Tawau,Malaysia,TWU
Lae,Papua New Guinea,LAE
Manguna,Papua New Guinea,MFO
Port Moresby - Jackson Field,Papua New Guinea,POM
Cebu,Philippines,CBU
Mactan Island - Nab,Philippines,NOP
Manila - Ninoy Aquino Int'l,Philippines,MNL
Bangkok,Thailand,BKK
Chiang Mai,Thailand,CNX
Hatyai (Hat Yai),Thailand,HDY
Pattaya,Thailand,PYX
Phuket,Thailand,HKT
Utapao (Pattaya),Thailand,UTP
Hanoi - Noibai,Viet Nam,HAN
Ho Chi Minh City (Saigon),Viet Nam,SGN
Hue - Phu Bai,Viet Nam,HUI
Saigon (Ho Chi Minh City),Viet Nam,SGN
